<?xml version="1.0" encoding="UTF-8"?>
<jedupdate version="1">
    <core_body>
        test
    </core_body>

    <!-- valid links only or leave blank -->
    <homepage_link>http://yourdomain.com</homepage_link>
    <download_link>http://yourdomain.com/downloads</download_link>
    <demo_link>http://demo.yourdomain.com</demo_link>
    <documentation_link>http://yourdomain.com/forums/index.php?wiki/index/</documentation_link>
    <support_link>http://yourdomain.com/forums/</support_link>
    <license_link>http://yourdomain.com</license_link>

    <version>3.1</version>

    <compatibility>
        <version>30</version>
    </compatibility>
</jedupdate>