<?xml version="1.0" encoding="utf-8"?>
<extension version="3.1" type="plugin" group="editors-xtd" method="upgrade">
	<name>Botão - Contato Formulário</name>
	<author>Lisandro Silva</author>
	<creationDate>Julho 2018</creationDate>
	<copyright>Copyright (C) 2005 - 2018 Open Source Matters. All rights reserved.</copyright>
	<license>GNU General Public License version 2 or later</license>
	<authorEmail>lisandrosilva@furg.br</authorEmail>
	<version>0.0.1</version>
	<description>Exibe um botão que permite inserir um formulário de envio ao contato selecionado. Exibe um diálogo para escolher o contato.</description>
    <files>
		<filename plugin="btn_contato">btn_contato.php</filename>
	</files>
    <updateservers>
		<server type="extension" priority="1" name="Repositório Botão - Contato Formulário">https://git.furg.br/bernardosilva/pkg_furg_joomla/raw/master/build/plg_editors-xtd_btn_contato.xml</server>
	</updateservers>
</extension>
