<?xml version="1.0" encoding="UTF-8" ?>
<extension type="component" version="3.7" method="upgrade">
    <name>com_contatomodal</name>
    <author>Lisandro Silva</author>
    <creationDate>Abril 2020</creationDate>
    <copyright></copyright>
    <license>GNU General Public License version 2 or later</license>
    <authorEmail>lisandro.t.silva@gmail.com</authorEmail>
    <authorUrl></authorUrl>
    <version>0.0.1</version>
    <description>COM_CONTATOMODAL_XML_DESCRIPTION</description>
    <updateservers>
        <server type="extension" priority="1" name="Repositório com_contatomodal">https://raw.githubusercontent.com/lisandroTSilva/jcomponent/master/build/com_contatomodal.xml</server>
    </updateservers>
    <administration>
        <files>
            <filename>contatomodal.php</filename>
            <filename>controller.php</filename>
            <filename>index.html</filename>
            <folder>media</folder>
            <folder>models</folder>
            <folder>views</folder>
        </files>
    </administration>
</extension>
